INSERT INTO
    test.aw_vehicle_restriction (
        restriction_id,
        restriction_name,
        is_active,
        start_time,
        end_time
    )
VALUES
    (
        1,
        'chilean_zone_restriction',
        0,
        '2023-01-01',
        '2025-12-01'
    ),
    (
        2,
        'brazil_rodizio',
        1,
        '2023-01-01',
        '2025-12-01'
    );

INSERT INTO
    test.aw_vehicle_restriction_polygon (polygon_name, polygon_geom)
VALUES
    -- some nonsense polygon as an example, polygon for testing out
    (
        'some_polygon',
        ST_GEOMFROMTEXT('POLYGON ((30 10, 40 40, 20 40, 10 20, 30 10))')
    ),
    -- polygon for testing in
    (
        'condes_polygon',
        ST_GEOMFROMTEXT(
            'POLYGON((-33.416312066 -70.608155202,-33.409395137 -70.60605235,-33.408338326 -70.600795221,-33.407603923 -70.596782636,-33.403392376 -70.583686706,-33.397086704 -70.568580505,-33.388128996 -70.543689605,-33.383915838 -70.533683823,-33.376892009 -70.526989029,-33.372740731 -70.517468947,-33.370303644 -70.509915846,-33.370026295 -70.505238726,-33.36723072 -70.499316408,-33.366908147 -70.49515362,-33.364972689 -70.493522837,-33.364399212 -70.491248324,-33.364757635 -70.488544657,-33.364399212 -70.484338953,-33.376591961 -70.491874889,-33.385192519 -70.488784985,-33.395297088 -70.492819027,-33.403394228 -70.496595577,-33.419672212 -70.49986573,-33.42225119 -70.517546851,-33.430743979 -70.519877887,-33.431746797 -70.523311114,-33.433465885 -70.538073993,-33.430385828 -70.539447284,-33.428666679 -70.5389323,-33.429526257 -70.545541263,-33.430529089 -70.554982638,-33.43110213 -70.565797305,-33.431822395 -70.585023379,-33.427725952 -70.589203589,-33.421565322 -70.596928351,-33.41733859 -70.602764837,-33.416312066 -70.608155202))'
        )
    );

INSERT INTO
    test.aw_vehicle_restriction_condition (
        restriction_id,
        zone_id,
        polygon_id,
        interval_definition,
        plate_pattern
    )
VALUES
    (1, 1030, NULL, 'LMWJVSD22:00-8h', '5'),
    (2, NULL, 1, 'L08:00-3h', '1'),
    -- supposing sql-esque pattern matching
    (2, NULL, 1, 'L08:00-3h', '2'),
    (2, NULL, 1, 'M08:00-3h', '3'),
    (2, NULL, 1, 'M08:00-3h', '4'),
    (2, NULL, 1, 'W08:00-3h', '5'),
    (2, NULL, 1, 'W08:00-3h', '6'),
    (2, NULL, 1, 'J08:00-3h', '7'),
    (2, NULL, 2, 'J08:00-3h', '8'),
    (2, NULL, 1, 'V08:00-3h', '9'),
    (2, NULL, 1, 'V08:00-3h', '0');

INSERT INTO
    test.aw_vehicle_restriction_action (
        restriction_id,
        is_on_enter,
        pre_restriction_status_name,
        restriction_status_name,
        notification_id,
        notification_time
    )
VALUES
    (1, TRUE, 'ACTIVE', 'DEACTIVE_BY_TIME', NULL, NULL),
    (1, FALSE, 'DEACTIVE_BY_TIME', 'ACTIVE', NULL, NULL),
    (2, TRUE, 'ACTIVE', 'DEACTIVE_BY_RODIZIO', NULL, NULL),
    (2, FALSE, 'DEACTIVE_BY_RODIZIO', 'ACTIVE', NULL, NULL),
    (2, TRUE, 'ON_GOING', NULL, 1, 2) -- should the second value be 'ON_GOING' or NULL?
;

insert into
    test.aw_user (
        user_id,
        fname,
        lname,
        email_id,
        password,
        mobile_no,
        residence,
        rut_no,
        facebook_app_id,
        google_app_id,
        registration_step,
        role_id,
        awto_credit_id,
        creation_date,
        last_modified_date,
        address_id,
        user_type,
        gender,
        pin,
        token_id,
        referal_code,
        rest_token,
        coupon_refered_code,
        reference_type,
        trip_count,
        trip_total_amount,
        total_in_use_time,
        total_in_stand_by_time,
        total_trip_time,
        passport_num,
        client_id,
        login_detail,
        mig_user_first_time_login,
        suspendedby,
        blockMembership,
        migrated_password,
        force_verify,
        last_force_verify,
        last_force_verify_status,
        license_type,
        has_selfie,
        send_payment_method_email,
        transfer_files,
        tos_version,
        id_colppy,
        origin_country_id,
        reservation_blocking_time,
        by_pass_reservation_blocking,
        birthday,
        license_expiration,
        pending_debt_email_sent_date,
        last_update_ref_code_date,
        document_type_id,
        apple_app_id,
        permission_role_id
    )
values
    (
        333054,
        "Francisco",
        "Pellerano",
        "fpellerano+copihue@awto.cl",
        "$2a$10$nqXQ7xTd21xSD5hkcgZUXeyIYntglMxuV8jH56KeACXUVt2FEPmaS",
        NULL,
        NULL,
        NULL,
        NULL,
        NULL,
        "PHONE_NUMBER",
        1,
        NULL,
        "2022-06-06 18:40:35",
        "2022-06-06 18:40:35",
        289724,
        "USER",
        NULL,
        NULL,
        NULL,
        "QR57KUN462",
        "54024a07-79e1-454b-b680-69b6064219f7",
        NULL,
        NULL,
        NULL,
        NULL,
        NULL,
        NULL,
        NULL,
        NULL,
        NULL,
        NULL,
        NULL,
        NULL,
        0,
        NULL,
        0,
        NULL,
        NULL,
        0,
        0,
        0,
        0,
        "1.0.0",
        NULL,
        NULL,
        NULL,
        0,
        NULL,
        NULL,
        NULL,
        NULL,
        NULL,
        NULL,
        1
    );

insert into
    test.aw_user (
        user_id,
        fname,
        lname,
        email_id,
        password,
        mobile_no,
        residence,
        rut_no,
        facebook_app_id,
        google_app_id,
        registration_step,
        role_id,
        awto_credit_id,
        creation_date,
        last_modified_date,
        address_id,
        user_type,
        gender,
        pin,
        token_id,
        referal_code,
        rest_token,
        coupon_refered_code,
        reference_type,
        trip_count,
        trip_total_amount,
        total_in_use_time,
        total_in_stand_by_time,
        total_trip_time,
        passport_num,
        client_id,
        login_detail,
        mig_user_first_time_login,
        suspendedby,
        blockMembership,
        migrated_password,
        force_verify,
        last_force_verify,
        last_force_verify_status,
        license_type,
        has_selfie,
        send_payment_method_email,
        transfer_files,
        tos_version,
        id_colppy,
        origin_country_id,
        reservation_blocking_time,
        by_pass_reservation_blocking,
        birthday,
        license_expiration,
        pending_debt_email_sent_date,
        last_update_ref_code_date,
        document_type_id,
        apple_app_id,
        permission_role_id
    )
values
    (
        333055,
        "Francisco_test",
        "Pellerano_test",
        "fpellerano+copihuetest@awto.cl",
        "$2a$10$nqXQ7xTd21xSD5hkcgZUXeyIYntglMxuV8jH56KeACXUVt2FEPmaS",
        NULL,
        NULL,
        NULL,
        NULL,
        NULL,
        "PHONE_NUMBER",
        1,
        NULL,
        "2022-06-06 18:40:35",
        "2022-06-06 18:40:35",
        289724,
        "USER",
        NULL,
        NULL,
        NULL,
        "QR57KUN462",
        "54024a07-79e1-454b-b680-69b6064219f7",
        NULL,
        NULL,
        NULL,
        NULL,
        NULL,
        NULL,
        NULL,
        NULL,
        NULL,
        NULL,
        NULL,
        NULL,
        0,
        NULL,
        0,
        NULL,
        NULL,
        0,
        0,
        0,
        0,
        "1.0.0",
        NULL,
        NULL,
        NULL,
        0,
        NULL,
        NULL,
        NULL,
        NULL,
        NULL,
        NULL,
        1
    );

insert into
    test.aw_vehicle (
        vehicle_id,
        vehicle_name,
        vehicle_number_plate,
        vehicle_model,
        vehicle_type,
        type_of_operation,
        vehicle_image_url,
        current_zone,
        vehicle_price,
        vehicle_status,
        vehicle_current_status,
        inventory_status,
        vehicle_make,
        box_num,
        provider_device_id,
        external_device_id,
        box_model,
        sim_provider,
        transmission,
        combustible,
        fuel_percent,
        patent,
        device_id,
        external_provider,
        observation,
        kilometer,
        fleet_vehicle_id,
        latitude,
        longitude,
        current_user_id,
        creation_date,
        last_modified_date,
        vehicle_segment_id,
        priority,
        voltage,
        cv,
        cvl,
        ignition_on,
        model_year,
        num_chasis,
        purchase_date,
        install_date,
        device_model,
        device_version,
        sim_card,
        temporal_parking,
        disconnection_device_check,
        cron_voltage,
        last_sync_position,
        key_status
    )
values
    (
        2668,
        NULL,
        NULL,
        "GLA 200",
        "Premium",
        "FREE_FLOAT",
        "http://awtosuite.pro/awtoinclude/img/appcarmodel/gla200.png",
        "1552",
        NULL,
        NULL,
        "ACTIVE",
        NULL,
        "Mercedes Benz",
        NULL,
        4,
        "866381054714495",
        NULL,
        NULL,
        "AUTOMATIC",
        "PETROL",
        0.0000,
        "LZYS18",
        "2348309",
        NULL,
        NULL,
        7329.55,
        2668,
        -33.415424000,
        -70.594360000,
        NULL,
        "2020-09-30 14:39:30",
        "2022-07-14 13:15:09",
        NULL,
        "C",
        12.6280,
        NULL,
        NULL,
        0,
        2020,
        "WDCTG4DB7KJ614935",
        "2020-08-20 04:00:00",
        "2020-09-30 03:00:00",
        NULL,
        NULL,
        8934076400006303260,
        1,
        1,
        12.6280,
        "2022-06-18 11:30:00",
        1
    );

insert into
    test_log.aw_vehicle_restriction_log (
        id,
        log_time,
        restriction_id,
        veh_rest_action_id,
        polygon_id,
        vehicle_id
    )
values
    (12, '2022-06-21 16:52:23', 2, 3, 2, 2554);


insert into
    test.aw_vehicle_restriction_blacklist (
        id,
        vehicle_model
    )
values
    (1, 'CUX'),
    (2,'EVS');